{
  "status": "Ok",
  "data": {
    "episode": "Kuzu no Honkai Episode 1 Subtitle Indonesia",
    "anime": {
      "slug": "https:/otakudesu.best/anime/kuzu-honkai-subtitle-indonesia/",
      "otakudesu_url": "https://otakudesu.best/anime/kuzu-honkai-subtitle-indonesia/"
    },
    "has_next_episode": false,
    "next_episode": null,
    "has_previous_episode": false,
    "previous_episode": null,
    "stream_url": "https://desustream.info/dstream/playdesu/index.php?id=MnBXN1dwZWEzbHFLNjh4NGt5KzdlRFhtKzlJMnhMSUxQejRMT0hNT3dSRT0=",
    "download_urls": {
      "mp4": [
        {
          "resolution": "360p",
          "urls": [
            {
              "provider": "ZippyShare",
              "url": "https://desustream.com/safelink/link/?id=eXRoOHNYVG9UdnVmNVNPSG1EWmpBNnVjZWFhV2pNTzVqeXhTY2VybmhqQW0wMHo3dldZQytsaFVBczZxOFpHL2pRPT0="
            },
            {
              "provider": "LetsUp",
              "url": "https://desustream.com/safelink/link/?id=eXRoOHNYVG9UdnVFOXlEQTJtaDFCYnFJTHJhUndvUGt3SGhSTTRybHlENGZ6Mmk3cm5nam9FUklKc1RxdE1qaTBKazJ3VWVPVFp6YUNRPT0="
            },
            {
              "provider": "Racaty",
              "url": "https://desustream.com/safelink/link/?id=eXRoOHNYVG9UdnVhOHpmUzIyRTNCTDZZTDdTTm5zUG95U3RXYjdmcDN3PT0="
            },
            {
              "provider": "Solidfiles",
              "url": "https://desustream.com/safelink/link/?id=eXRoOHNYVG9UdnVmNVNPZDNIZDFBNytLYWJtYm5wKy96aUlTYXVyRG5XSXczVW13bzBBUnBHa0Y="
            },
            {
              "provider": "Mega",
              "url": "https://desustream.com/safelink/link/?id=eXRoOHNYVG9UdnVGOXpQU2dYWmpSYjJGYkxEUnJNbVMyWDF1WFlheTdRMEkvRHFibkcweG5ta1FMTUN3MVlTcmhvTndvaHlQT29YYlRvRUVwRTgzTUU0bjRhYW5PTU9aeFE9PQ=="
            }
          ]
        },
        {
          "resolution": "480p",
          "urls": [
            {
              "provider": "ZippyShare",
              "url": "https://desustream.com/safelink/link/?id=eXRoOHNYVG9UdnVmNVNPR2dXSndHcXVWYzcyZm45VHl3aUJRTTdPKy9EYzh4MTJRclg1SHMxZFJDNFhzN1lpKw=="
            },
            {
              "provider": "LetsUp",
              "url": "https://desustream.com/safelink/link/?id=eXRoOHNYVG9UdnVFOXlEQTJtaDFCYnFJTHJhUndvUGt3SGhUTTRybHlENGZ6Mmk3cm5nam9FUklKc1RxdE1qaTBKa3h6MGVPVFp6YUNRPT0="
            },
            {
              "provider": "Racaty",
              "url": "https://desustream.com/safelink/link/?id=eXRoOHNYVG9UdnVhOHpmUzIyRTNCTDZZTDZTR25kem93eTVjSmZmbjBRPT0="
            },
            {
              "provider": "Solidfiles",
              "url": "https://desustream.com/safelink/link/?id=eXRoOHNYVG9UdnVmNVNPZDNIZDFBNytLYWJtYm5wKy96aUlTYXVyLzdUOE4wMGFhNlg0bGowOXM="
            },
            {
              "provider": "Mega",
              "url": "https://desustream.com/safelink/link/?id=eXRoOHNYVG9UdnVGOXpQU2dYWmpSYjJGYkxEUjFkcVo4eVYrS3FleXpqWlp6M21DaWxjdzRuZ0VPTS94N3REaXAvQlBzaWFrTU1lZGZybDAyV3NLTWtVcTBJUzZQdG1TeFE9PQ=="
            }
          ]
        },
        {
          "resolution": "720p",
          "urls": [
            {
              "provider": "ZippyShare",
              "url": "https://desustream.com/safelink/link/?id=eXRoOHNYVG9UdnVmNVNPR21qWmpBNnVjZWFhV2pNTzVqeXhTY2Vybmhtd2gzRUg0blhVRytsaFVBczZxOFpHL2pRPT0="
            },
            {
              "provider": "LetsUp",
              "url": "https://desustream.com/safelink/link/?id=eXRoOHNYVG9UdnVFOXlEQTJtaDFCYnFJTHJhUndvUGt3SGhQTTRybHlENGZ6Mmk3cm5nam9FUklKc1RxdE1qaTBKa3l4VWVPVFp6YUNRPT0="
            },
            {
              "provider": "Racaty",
              "url": "https://desustream.com/safelink/link/?id=eXRoOHNYVG9UdnVhOHpmUzIyRTNCTDZZTCtPRzNZSzExQzVNZWIvbXdnPT0="
            },
            {
              "provider": "Solidfiles",
              "url": "https://desustream.com/safelink/link/?id=eXRoOHNYVG9UdnVmNVNPZDNIZDFBNytLYWJtYm5wKy96aUlTYXVyMjUySU4wMXVSdmhBbXVHOVo="
            },
            {
              "provider": "Mega",
              "url": "https://desustream.com/safelink/link/?id=eXRoOHNYVG9UdnVGOXpQU2dYWmpSYjJGYkxEUmlZaXdrU2R1YlpTeTN4MGVtV2k1aUc4aytBeHlHODdELzRDTHE1WjluUWUyQ2JYZWNySjMzbW9LRFVrVjMvRytDcTZYbmc9PQ=="
            }
          ]
        }
      ],
      "mkv": [
        {
          "resolution": "360p",
          "urls": [
            {
              "provider": "ZippyShare",
              "url": "https://desustream.com/safelink/link/?id=eXRoOHNYVG9UdnVmNVNPSG1EWmpBNnVjZWFhV2pNTzVqeXhTY2VybmhqQW0wMHo3dldZQytsaFVBczZxOFpHL2pRPT0="
            },
            {
              "provider": "LetsUp",
              "url": "https://desustream.com/safelink/link/?id=eXRoOHNYVG9UdnVFOXlEQTJtaDFCYnFJTHJhUndvUGt3SGhSTTRybHlENGZ6Mmk3cm5nam9FUklKc1RxdE1qaTBKazJ3VWVPVFp6YUNRPT0="
            },
            {
              "provider": "Racaty",
              "url": "https://desustream.com/safelink/link/?id=eXRoOHNYVG9UdnVhOHpmUzIyRTNCTDZZTDdTTm5zUG95U3RXYjdmcDN3PT0="
            },
            {
              "provider": "Solidfiles",
              "url": "https://desustream.com/safelink/link/?id=eXRoOHNYVG9UdnVmNVNPZDNIZDFBNytLYWJtYm5wKy96aUlTYXVyRG5XSXczVW13bzBBUnBHa0Y="
            },
            {
              "provider": "Mega",
              "url": "https://desustream.com/safelink/link/?id=eXRoOHNYVG9UdnVGOXpQU2dYWmpSYjJGYkxEUnJNbVMyWDF1WFlheTdRMEkvRHFibkcweG5ta1FMTUN3MVlTcmhvTndvaHlQT29YYlRvRUVwRTgzTUU0bjRhYW5PTU9aeFE9PQ=="
            }
          ]
        },
        {
          "resolution": "480p",
          "urls": [
            {
              "provider": "ZippyShare",
              "url": "https://desustream.com/safelink/link/?id=eXRoOHNYVG9UdnVmNVNPR2dXSndHcXVWYzcyZm45VHl3aUJRTTdPKy9EYzh4MTJRclg1SHMxZFJDNFhzN1lpKw=="
            },
            {
              "provider": "LetsUp",
              "url": "https://desustream.com/safelink/link/?id=eXRoOHNYVG9UdnVFOXlEQTJtaDFCYnFJTHJhUndvUGt3SGhUTTRybHlENGZ6Mmk3cm5nam9FUklKc1RxdE1qaTBKa3h6MGVPVFp6YUNRPT0="
            },
            {
              "provider": "Racaty",
              "url": "https://desustream.com/safelink/link/?id=eXRoOHNYVG9UdnVhOHpmUzIyRTNCTDZZTDZTR25kem93eTVjSmZmbjBRPT0="
            },
            {
              "provider": "Solidfiles",
              "url": "https://desustream.com/safelink/link/?id=eXRoOHNYVG9UdnVmNVNPZDNIZDFBNytLYWJtYm5wKy96aUlTYXVyLzdUOE4wMGFhNlg0bGowOXM="
            },
            {
              "provider": "Mega",
              "url": "https://desustream.com/safelink/link/?id=eXRoOHNYVG9UdnVGOXpQU2dYWmpSYjJGYkxEUjFkcVo4eVYrS3FleXpqWlp6M21DaWxjdzRuZ0VPTS94N3REaXAvQlBzaWFrTU1lZGZybDAyV3NLTWtVcTBJUzZQdG1TeFE9PQ=="
            }
          ]
        },
        {
          "resolution": "720p",
          "urls": [
            {
              "provider": "ZippyShare",
              "url": "https://desustream.com/safelink/link/?id=eXRoOHNYVG9UdnVmNVNPR21qWmpBNnVjZWFhV2pNTzVqeXhTY2Vybmhtd2gzRUg0blhVRytsaFVBczZxOFpHL2pRPT0="
            },
            {
              "provider": "LetsUp",
              "url": "https://desustream.com/safelink/link/?id=eXRoOHNYVG9UdnVFOXlEQTJtaDFCYnFJTHJhUndvUGt3SGhQTTRybHlENGZ6Mmk3cm5nam9FUklKc1RxdE1qaTBKa3l4VWVPVFp6YUNRPT0="
            },
            {
              "provider": "Racaty",
              "url": "https://desustream.com/safelink/link/?id=eXRoOHNYVG9UdnVhOHpmUzIyRTNCTDZZTCtPRzNZSzExQzVNZWIvbXdnPT0="
            },
            {
              "provider": "Solidfiles",
              "url": "https://desustream.com/safelink/link/?id=eXRoOHNYVG9UdnVmNVNPZDNIZDFBNytLYWJtYm5wKy96aUlTYXVyMjUySU4wMXVSdmhBbXVHOVo="
            },
            {
              "provider": "Mega",
              "url": "https://desustream.com/safelink/link/?id=eXRoOHNYVG9UdnVGOXpQU2dYWmpSYjJGYkxEUmlZaXdrU2R1YlpTeTN4MGVtV2k1aUc4aytBeHlHODdELzRDTHE1WjluUWUyQ2JYZWNySjMzbW9LRFVrVjMvRytDcTZYbmc9PQ=="
            }
          ]
        }
      ]
    }
  }
}