{
  "status": "Ok",
  "data": {
    "title": "Kuzu no Honkai",
    "japanese_title": "クズの本懐",
    "poster": "https://otakudesu.best/wp-content/uploads/2017/05/Kuzu-no-Honkai-Sub-Indo.jpg",
    "rating": "7.63",
    "produser": "Aniplex, Dentsu, Square Enix, Fuji TV, Kyoraku Industrial Holdings, Kansai Telecasting Corporation",
    "type": "BD",
    "status": "Completed",
    "episode_count": "12",
    "duration": "22 Menit / Episode",
    "release_date": "Jan 13, 2017 sampai Mar 31, 2017",
    "studio": "Lerche",
    "genres": [
      {
        "name": "Drama",
        "slug": "drama",
        "otakudesu_url": "https://otakudesu.best/genres/drama/"
      },
      {
        "name": "Romance",
        "slug": "romance",
        "otakudesu_url": "https://otakudesu.best/genres/romance/"
      },
      {
        "name": "School",
        "slug": "school",
        "otakudesu_url": "https://otakudesu.best/genres/school/"
      },
      {
        "name": "Seinen",
        "slug": "seinen",
        "otakudesu_url": "https://otakudesu.best/genres/seinen/"
      }
    ],
    "synopsis": "Yasuraoka Hanabi dan Awaya Mugi nampak seperti pasangan muda yang serasi dan cocok. Namun dibalik semua itu, sebenarnya mereka berdua merupakan pasangan yang sedang patah hati, cinta mereka bertepuk sebelah tangan.Hanabi yang jatuh cinta dengan Kanai Narumi, seorang guru muda yang dekat dengan keluarganya, begitu pula Mugi yang jatuh cinta dengan guru les privatnya, Minagawa Akane.Karena itu, Hanabi dan Mugi memberi tempat untuk hati mereka berbagi kesedihan dari kasih sayang mereka yang bertepuk sebelah tangan, cinta palsu mereka pun dimulai.",
    "batch": {
      "slug": "kzhk-batch-sub-indo",
      "otakudesu_url": "https://otakudesu.best/batch/kzhk-batch-sub-indo/",
      "uploaded_at": "17 Februari,2018"
    },
    "episode_lists": [
      {
        "episode": "Kuzu no Honkai Episode 1 Subtitle Indonesia",
        "slug": "kzhnkai-episode-1-sub-indo",
        "otakudesu_url": "https://otakudesu.best/episode/kzhnkai-episode-1-sub-indo/"
      },
      {
        "episode": "Kuzu no Honkai Episode 2 Subtitle Indonesia",
        "slug": "kzhnkai-episode-2-sub-indo",
        "otakudesu_url": "https://otakudesu.best/episode/kzhnkai-episode-2-sub-indo/"
      },
      {
        "episode": "Kuzu no Honkai Episode 3 Subtitle Indonesia",
        "slug": "kzhnkai-episode-3-sub-indo",
        "otakudesu_url": "https://otakudesu.best/episode/kzhnkai-episode-3-sub-indo/"
      },
      {
        "episode": "Kuzu no Honkai Episode 4 Subtitle Indonesia",
        "slug": "kzhnkai-episode-4-sub-indo",
        "otakudesu_url": "https://otakudesu.best/episode/kzhnkai-episode-4-sub-indo/"
      },
      {
        "episode": "Kuzu no Honkai Episode 5 Subtitle Indonesia",
        "slug": "kzhnkai-episode-5-sub-indo",
        "otakudesu_url": "https://otakudesu.best/episode/kzhnkai-episode-5-sub-indo/"
      },
      {
        "episode": "Kuzu no Honkai Episode 6 Subtitle Indonesia",
        "slug": "kzhnkai-episode-6-sub-indo",
        "otakudesu_url": "https://otakudesu.best/episode/kzhnkai-episode-6-sub-indo/"
      },
      {
        "episode": "Kuzu no Honkai Episode 7 Subtitle Indonesia",
        "slug": "kzhnkai-episode-7-sub-indo",
        "otakudesu_url": "https://otakudesu.best/episode/kzhnkai-episode-7-sub-indo/"
      },
      {
        "episode": "Kuzu no Honkai Episode 8 Subtitle Indonesia",
        "slug": "kzhnkai-episode-8-sub-indo",
        "otakudesu_url": "https://otakudesu.best/episode/kzhnkai-episode-8-sub-indo/"
      },
      {
        "episode": "Kuzu no Honkai Episode 9 Subtitle Indonesia",
        "slug": "kzhnkai-episode-9-sub-indo",
        "otakudesu_url": "https://otakudesu.best/episode/kzhnkai-episode-9-sub-indo/"
      },
      {
        "episode": "Kuzu no Honkai Episode 10 Subtitle Indonesia",
        "slug": "kzhnkai-episode-10-sub-indo",
        "otakudesu_url": "https://otakudesu.best/episode/kzhnkai-episode-10-sub-indo/"
      },
      {
        "episode": "Kuzu no Honkai Episode 11 Subtitle Indonesia",
        "slug": "kzhnkai-episode-11-sub-indo",
        "otakudesu_url": "https://otakudesu.best/episode/kzhnkai-episode-11-sub-indo/"
      },
      {
        "episode": "Kuzu no Honkai Episode 12 (End) Subtitle Indonesia",
        "slug": "kzhnkai-episode-12-sub-indo",
        "otakudesu_url": "https://otakudesu.best/episode/kzhnkai-episode-12-sub-indo/"
      }
    ],
    "recommendations": [
      {
        "title": "Aharen-san wa Hakarenai Season 2",
        "slug": "aharen-s2-sub-indo",
        "poster": "https://otakudesu.best/wp-content/uploads/2025/08/Aharen-san-wa-Hakarenai-Season-2-Sub-Indo.jpg",
        "otakudesu_url": "https://otakudesu.best/anime/aharen-s2-sub-indo/"
      },
      {
        "title": "Shoushimin Series Season 2",
        "slug": "shoushimin-s2-sub-indo",
        "poster": "https://otakudesu.best/wp-content/uploads/2025/07/Shoushimin-Series-Season-2-Sub-Indo.jpg",
        "otakudesu_url": "https://otakudesu.best/anime/shoushimin-s2-sub-indo/"
      },
      {
        "title": "Slime Taoshite 300-nen Season 2",
        "slug": "slime-taoshite-s2-sub-indo",
        "poster": "https://otakudesu.best/wp-content/uploads/2025/07/Slime-Taoshite-300-nen-Season-2-Sub-Indo.jpg",
        "otakudesu_url": "https://otakudesu.best/anime/slime-taoshite-s2-sub-indo/"
      },
      {
        "title": "Enen no Shouboutai Season 3",
        "slug": "enen-shouboutai-season-3-sub-indo",
        "poster": "https://otakudesu.best/wp-content/uploads/2025/07/Enen-no-Shouboutai-Season-3-Sub-Indo.jpg",
        "otakudesu_url": "https://otakudesu.best/anime/enen-shouboutai-season-3-sub-indo/"
      },
      {
        "title": "The Beginning After the End",
        "slug": "saikyou-ousama-nidome-sub-indo",
        "poster": "https://otakudesu.best/wp-content/uploads/2025/06/The-Beginning-After-the-End-Sub-Indo.jpg",
        "otakudesu_url": "https://otakudesu.best/anime/saikyou-ousama-nidome-sub-indo/"
      }
    ]
  }
}