{
  "status": "Ok",
  "data": [
    {
      "episode": "Kuzu no Honkai Episode 1 Subtitle Indonesia",
      "slug": "kzhnkai-episode-1-sub-indo",
      "otakudesu_url": "https://otakudesu.best/episode/kzhnkai-episode-1-sub-indo/"
    },
    {
      "episode": "Kuzu no Honkai Episode 2 Subtitle Indonesia",
      "slug": "kzhnkai-episode-2-sub-indo",
      "otakudesu_url": "https://otakudesu.best/episode/kzhnkai-episode-2-sub-indo/"
    },
    {
      "episode": "Kuzu no Honkai Episode 3 Subtitle Indonesia",
      "slug": "kzhnkai-episode-3-sub-indo",
      "otakudesu_url": "https://otakudesu.best/episode/kzhnkai-episode-3-sub-indo/"
    },
    {
      "episode": "Kuzu no Honkai Episode 4 Subtitle Indonesia",
      "slug": "kzhnkai-episode-4-sub-indo",
      "otakudesu_url": "https://otakudesu.best/episode/kzhnkai-episode-4-sub-indo/"
    },
    {
      "episode": "Kuzu no Honkai Episode 5 Subtitle Indonesia",
      "slug": "kzhnkai-episode-5-sub-indo",
      "otakudesu_url": "https://otakudesu.best/episode/kzhnkai-episode-5-sub-indo/"
    },
    {
      "episode": "Kuzu no Honkai Episode 6 Subtitle Indonesia",
      "slug": "kzhnkai-episode-6-sub-indo",
      "otakudesu_url": "https://otakudesu.best/episode/kzhnkai-episode-6-sub-indo/"
    },
    {
      "episode": "Kuzu no Honkai Episode 7 Subtitle Indonesia",
      "slug": "kzhnkai-episode-7-sub-indo",
      "otakudesu_url": "https://otakudesu.best/episode/kzhnkai-episode-7-sub-indo/"
    },
    {
      "episode": "Kuzu no Honkai Episode 8 Subtitle Indonesia",
      "slug": "kzhnkai-episode-8-sub-indo",
      "otakudesu_url": "https://otakudesu.best/episode/kzhnkai-episode-8-sub-indo/"
    },
    {
      "episode": "Kuzu no Honkai Episode 9 Subtitle Indonesia",
      "slug": "kzhnkai-episode-9-sub-indo",
      "otakudesu_url": "https://otakudesu.best/episode/kzhnkai-episode-9-sub-indo/"
    },
    {
      "episode": "Kuzu no Honkai Episode 10 Subtitle Indonesia",
      "slug": "kzhnkai-episode-10-sub-indo",
      "otakudesu_url": "https://otakudesu.best/episode/kzhnkai-episode-10-sub-indo/"
    },
    {
      "episode": "Kuzu no Honkai Episode 11 Subtitle Indonesia",
      "slug": "kzhnkai-episode-11-sub-indo",
      "otakudesu_url": "https://otakudesu.best/episode/kzhnkai-episode-11-sub-indo/"
    },
    {
      "episode": "Kuzu no Honkai Episode 12 (End) Subtitle Indonesia",
      "slug": "kzhnkai-episode-12-sub-indo",
      "otakudesu_url": "https://otakudesu.best/episode/kzhnkai-episode-12-sub-indo/"
    }
  ]
}