{
  "status": "Ok",
  "data": [
    {
      "title": "Seijo no Maryoku wa Bannou desu Season 2",
      "slug": "snmwb-s2-sub-indo",
      "poster": "https://otakudesu.best/wp-content/uploads/2024/03/Seijo-no-Maryoku-wa-Bannou-desu-Season-2-Sub-Indo.jpg",
      "episode_count": "12",
      "rating": "7.42",
      "last_release_date": "08 Mar",
      "otakudesu_url": "https://otakudesu.best/anime/snmwb-s2-sub-indo/"
    },
    {
      "title": "Bokura no Ameiro Protocol",
      "slug": "bokura-protocol-sub-indo",
      "poster": "https://otakudesu.best/wp-content/uploads/2024/03/Bokura-no-Ameiro-Protocol-Sub-Indo.jpg",
      "episode_count": "12",
      "rating": "6.12",
      "last_release_date": "07 Mar",
      "otakudesu_url": "https://otakudesu.best/anime/bokura-protocol-sub-indo/"
    },
    {
      "title": "Kikansha no Mahou wa Tokubetsu desu",
      "slug": "kikansha-tokubetsu-desu-sub-indo",
      "poster": "https://otakudesu.best/wp-content/uploads/2024/03/Kikansha-no-Mahou-wa-Tokubetsu-desu-Sub-Indo.jpg",
      "episode_count": "12",
      "rating": "7.09",
      "last_release_date": "06 Mar",
      "otakudesu_url": "https://otakudesu.best/anime/kikansha-tokubetsu-desu-sub-indo/"
    },
    {
      "title": "Saihate no Paladin Season 2",
      "slug": "saihate-pladin-s2-sub-indo",
      "poster": "https://otakudesu.best/wp-content/uploads/2024/03/Saihate-no-Paladin-Season-2-Sub-Indo.jpg",
      "episode_count": "Unknown",
      "rating": "",
      "last_release_date": "05 Mar",
      "otakudesu_url": "https://otakudesu.best/anime/saihate-pladin-s2-sub-indo/"
    },
    {
      "title": "Tearmoon Teikoku Monogatari",
      "slug": "tearmoon-empire-story-sub-indo",
      "poster": "https://otakudesu.best/wp-content/uploads/2024/02/Tearmoon-Teikoku-Monogatari-Sub-Indo.jpg",
      "episode_count": "12",
      "rating": "7.25",
      "last_release_date": "27 Feb",
      "otakudesu_url": "https://otakudesu.best/anime/tearmoon-empire-story-sub-indo/"
    },
    {
      "title": "Kanojo mo Kanojo Season 2",
      "slug": "kanojo-kanojo-s2-sub-indo",
      "poster": "https://otakudesu.best/wp-content/uploads/2024/02/Kanojo-mo-Kanojo-Season-2-Sub-Indo.jpg",
      "episode_count": "12",
      "rating": "7.04",
      "last_release_date": "26 Feb",
      "otakudesu_url": "https://otakudesu.best/anime/kanojo-kanojo-s2-sub-indo/"
    },
    {
      "title": "Goblin Slayer Season 2",
      "slug": "goblin-slay-s2-subtitle-indonesia",
      "poster": "https://otakudesu.best/wp-content/uploads/2024/02/Goblin-Slayer-Season-2-Sub-Indo.jpg",
      "episode_count": "12",
      "rating": "7.23",
      "last_release_date": "26 Feb",
      "otakudesu_url": "https://otakudesu.best/anime/goblin-slay-s2-subtitle-indonesia/"
    },
    {
      "title": "Spy x Family Season 2",
      "slug": "spy-family-s2-sub-indo",
      "poster": "https://otakudesu.best/wp-content/uploads/2024/02/Spy-x-Family-Season-2-Sub-Indo.jpg",
      "episode_count": "12",
      "rating": "8.08",
      "last_release_date": "26 Feb",
      "otakudesu_url": "https://otakudesu.best/anime/spy-family-s2-sub-indo/"
    },
    {
      "title": "Hametsu no Oukoku",
      "slug": "hametsu-koku-sub-indo",
      "poster": "https://otakudesu.best/wp-content/uploads/2024/02/Hametsu-no-Oukoku-Sub-Indo.jpg",
      "episode_count": "12",
      "rating": "6.27",
      "last_release_date": "24 Feb",
      "otakudesu_url": "https://otakudesu.best/anime/hametsu-koku-sub-indo/"
    },
    {
      "title": "Tate no Yuusha no Nariagari Season 3",
      "slug": "tate-yuusha-nariagari-s3-subtitle-indonesia",
      "poster": "https://otakudesu.best/wp-content/uploads/2024/02/Tate-no-Yuusha-no-Nariagari-Season-3-Sub-Indo.jpg",
      "episode_count": "12",
      "rating": "7.13",
      "last_release_date": "23 Feb",
      "otakudesu_url": "https://otakudesu.best/anime/tate-yuusha-nariagari-s3-subtitle-indonesia/"
    },
    {
      "title": "Yuzuki-san Chi no Yonkyoudai",
      "slug": "yuzuki-san-sub-indo",
      "poster": "https://otakudesu.best/wp-content/uploads/2024/02/Yuzuki-san-Chi-no-Yonkyoudai-Sub-Indo.jpg",
      "episode_count": "12",
      "rating": "7.90",
      "last_release_date": "13 Feb",
      "otakudesu_url": "https://otakudesu.best/anime/yuzuki-san-sub-indo/"
    },
    {
      "title": "Ojou to Banken-kun",
      "slug": "ojou-banken-sub-indo",
      "poster": "https://otakudesu.best/wp-content/uploads/2024/02/Ojou-to-Banken-kun-Sub-Indo.jpg",
      "episode_count": "13",
      "rating": "5.65",
      "last_release_date": "08 Feb",
      "otakudesu_url": "https://otakudesu.best/anime/ojou-banken-sub-indo/"
    },
    {
      "title": "Mahoutsukai no Yome Season 2 Part 2",
      "slug": "mahou-yome-s2-p2-sub-indo",
      "poster": "https://otakudesu.best/wp-content/uploads/2024/02/Mahoutsukai-no-Yome-Season-2-Part-2-Sub-Indo.jpg",
      "episode_count": "12",
      "rating": "7.87",
      "last_release_date": "08 Feb",
      "otakudesu_url": "https://otakudesu.best/anime/mahou-yome-s2-p2-sub-indo/"
    },
    {
      "title": "S-Rank Musume",
      "slug": "s-rank-musume-sub-indo",
      "poster": "https://otakudesu.best/wp-content/uploads/2024/02/S-Rank-Musume-Sub-Indo.jpg",
      "episode_count": "13",
      "rating": "6.79",
      "last_release_date": "07 Feb",
      "otakudesu_url": "https://otakudesu.best/anime/s-rank-musume-sub-indo/"
    },
    {
      "title": "Watashi no Oshi wa Akuyaku Reijou",
      "slug": "watashi-reijou-sub-indo",
      "poster": "https://otakudesu.best/wp-content/uploads/2024/02/Watashi-no-Oshi-wa-Akuyaku-Reijou-Sub-Indo.jpg",
      "episode_count": "12",
      "rating": "7.37",
      "last_release_date": "06 Feb",
      "otakudesu_url": "https://otakudesu.best/anime/watashi-reijou-sub-indo/"
    },
    {
      "title": "Dr. Stone Season 3 Part 2",
      "slug": "drstne-s3-p2-sub-indo",
      "poster": "https://otakudesu.best/wp-content/uploads/2024/01/Dr.-Stone-Season-3-Part-2-Sub-Indo.jpg",
      "episode_count": "11",
      "rating": "8.35",
      "last_release_date": "15 Jan",
      "otakudesu_url": "https://otakudesu.best/anime/drstne-s3-p2-sub-indo/"
    },
    {
      "title": "Shy",
      "slug": "shy-sub-indo",
      "poster": "https://otakudesu.best/wp-content/uploads/2024/01/Shy-Sub-Indo.jpg",
      "episode_count": "12",
      "rating": "6.75",
      "last_release_date": "15 Jan",
      "otakudesu_url": "https://otakudesu.best/anime/shy-sub-indo/"
    },
    {
      "title": "Kage no Jitsuryokusha ni Naritakute! Season 2",
      "slug": "kage-jitsuryokusha-s2-sub-indo",
      "poster": "https://otakudesu.best/wp-content/uploads/2023/10/Kage-no-Jitsuryokusha-ni-Naritakute-2nd-Season.jpg",
      "episode_count": "12",
      "rating": "8.47",
      "last_release_date": "06 Jan",
      "otakudesu_url": "https://otakudesu.best/anime/kage-jitsuryokusha-s2-sub-indo/"
    },
    {
      "title": "Helck",
      "slug": "helk-sub-indo",
      "poster": "https://otakudesu.best/wp-content/uploads/2024/01/Helck-Sub-Indo.jpg",
      "episode_count": "24",
      "rating": "7.26",
      "last_release_date": "05 Jan",
      "otakudesu_url": "https://otakudesu.best/anime/helk-sub-indo/"
    },
    {
      "title": "Toaru Ossan no VRMMO Katsudouki",
      "slug": "toaru-vrmmo-sub-indo",
      "poster": "https://otakudesu.best/wp-content/uploads/2024/01/Toaru-Ossan-no-VRMMO-Katsudouki-Sub-Indo.jpg",
      "episode_count": "12",
      "rating": "6.39",
      "last_release_date": "04 Jan",
      "otakudesu_url": "https://otakudesu.best/anime/toaru-vrmmo-sub-indo/"
    },
    {
      "title": "Overtake!",
      "slug": "ovrtake-subtitle-indonesia",
      "poster": "https://otakudesu.best/wp-content/uploads/2024/01/Overtake-Sub-Indo.jpg",
      "episode_count": "12",
      "rating": "7.55",
      "last_release_date": "04 Jan",
      "otakudesu_url": "https://otakudesu.best/anime/ovrtake-subtitle-indonesia/"
    },
    {
      "title": "MF Ghost",
      "slug": "mf-ghst-sub-indo",
      "poster": "https://otakudesu.best/wp-content/uploads/2024/01/MF-Ghost-Sub-Indo.jpg",
      "episode_count": "12",
      "rating": "7.62",
      "last_release_date": "04 Jan",
      "otakudesu_url": "https://otakudesu.best/anime/mf-ghst-sub-indo/"
    },
    {
      "title": "Boushoku no Berserk",
      "slug": "berserk-gluttony-sub-indo",
      "poster": "https://otakudesu.best/wp-content/uploads/2024/01/Boushoku-no-Berserk-Sub-Indo.jpg",
      "episode_count": "12",
      "rating": "6.78",
      "last_release_date": "02 Jan",
      "otakudesu_url": "https://otakudesu.best/anime/berserk-gluttony-sub-indo/"
    },
    {
      "title": "Rurouni Kenshin",
      "slug": "rurouni-kenshin-sub-indo",
      "poster": "https://otakudesu.best/wp-content/uploads/2023/12/Rurouni-Kenshin-Sub-Indo.jpg",
      "episode_count": "24",
      "rating": "7.64",
      "last_release_date": "27 Des",
      "otakudesu_url": "https://otakudesu.best/anime/rurouni-kenshin-sub-indo/"
    },
    {
      "title": "Seiken Gakuin no Makentsukai",
      "slug": "seiken-no-sukai-sub-indo",
      "poster": "https://otakudesu.best/wp-content/uploads/2023/12/Seiken-Gakuin-no-Makentsukai-Sub-Indo.jpg",
      "episode_count": "12",
      "rating": "6.25",
      "last_release_date": "26 Des",
      "otakudesu_url": "https://otakudesu.best/anime/seiken-no-sukai-sub-indo/"
    }
  ],
  "pagination": {
    "current_page": 10,
    "last_visible_page": 63,
    "has_next_page": true,
    "next_page": 11,
    "has_previous_page": true,
    "previous_page": 9
  }
}