{
  "status": "Ok",
  "data": [
    {
      "name": "Action",
      "slug": "action",
      "otakudesu_url": "https://otakudesu.best/genres/action/"
    },
    {
      "name": "Adventure",
      "slug": "adventure",
      "otakudesu_url": "https://otakudesu.best/genres/adventure/"
    },
    {
      "name": "Comedy",
      "slug": "comedy",
      "otakudesu_url": "https://otakudesu.best/genres/comedy/"
    },
    {
      "name": "Demons",
      "slug": "demons",
      "otakudesu_url": "https://otakudesu.best/genres/demons/"
    },
    {
      "name": "Drama",
      "slug": "drama",
      "otakudesu_url": "https://otakudesu.best/genres/drama/"
    },
    {
      "name": "Ecchi",
      "slug": "ecchi",
      "otakudesu_url": "https://otakudesu.best/genres/ecchi/"
    },
    {
      "name": "Fantasy",
      "slug": "fantasy",
      "otakudesu_url": "https://otakudesu.best/genres/fantasy/"
    },
    {
      "name": "Game",
      "slug": "game",
      "otakudesu_url": "https://otakudesu.best/genres/game/"
    },
    {
      "name": "Harem",
      "slug": "harem",
      "otakudesu_url": "https://otakudesu.best/genres/harem/"
    },
    {
      "name": "Historical",
      "slug": "historical",
      "otakudesu_url": "https://otakudesu.best/genres/historical/"
    },
    {
      "name": "Horror",
      "slug": "horror",
      "otakudesu_url": "https://otakudesu.best/genres/horror/"
    },
    {
      "name": "Josei",
      "slug": "josei",
      "otakudesu_url": "https://otakudesu.best/genres/josei/"
    },
    {
      "name": "Magic",
      "slug": "magic",
      "otakudesu_url": "https://otakudesu.best/genres/magic/"
    },
    {
      "name": "Martial Arts",
      "slug": "martial-arts",
      "otakudesu_url": "https://otakudesu.best/genres/martial-arts/"
    },
    {
      "name": "Mecha",
      "slug": "mecha",
      "otakudesu_url": "https://otakudesu.best/genres/mecha/"
    },
    {
      "name": "Military",
      "slug": "military",
      "otakudesu_url": "https://otakudesu.best/genres/military/"
    },
    {
      "name": "Music",
      "slug": "music",
      "otakudesu_url": "https://otakudesu.best/genres/music/"
    },
    {
      "name": "Mystery",
      "slug": "mystery",
      "otakudesu_url": "https://otakudesu.best/genres/mystery/"
    },
    {
      "name": "Psychological",
      "slug": "psychological",
      "otakudesu_url": "https://otakudesu.best/genres/psychological/"
    },
    {
      "name": "Parody",
      "slug": "parody",
      "otakudesu_url": "https://otakudesu.best/genres/parody/"
    },
    {
      "name": "Police",
      "slug": "police",
      "otakudesu_url": "https://otakudesu.best/genres/police/"
    },
    {
      "name": "Romance",
      "slug": "romance",
      "otakudesu_url": "https://otakudesu.best/genres/romance/"
    },
    {
      "name": "Samurai",
      "slug": "samurai",
      "otakudesu_url": "https://otakudesu.best/genres/samurai/"
    },
    {
      "name": "School",
      "slug": "school",
      "otakudesu_url": "https://otakudesu.best/genres/school/"
    },
    {
      "name": "Sci-Fi",
      "slug": "sci-fi",
      "otakudesu_url": "https://otakudesu.best/genres/sci-fi/"
    },
    {
      "name": "Seinen",
      "slug": "seinen",
      "otakudesu_url": "https://otakudesu.best/genres/seinen/"
    },
    {
      "name": "Shoujo",
      "slug": "shoujo",
      "otakudesu_url": "https://otakudesu.best/genres/shoujo/"
    },
    {
      "name": "Shoujo Ai",
      "slug": "shoujo-ai",
      "otakudesu_url": "https://otakudesu.best/genres/shoujo-ai/"
    },
    {
      "name": "Shounen",
      "slug": "shounen",
      "otakudesu_url": "https://otakudesu.best/genres/shounen/"
    },
    {
      "name": "Slice of Life",
      "slug": "slice-of-life",
      "otakudesu_url": "https://otakudesu.best/genres/slice-of-life/"
    },
    {
      "name": "Sports",
      "slug": "sports",
      "otakudesu_url": "https://otakudesu.best/genres/sports/"
    },
    {
      "name": "Space",
      "slug": "space",
      "otakudesu_url": "https://otakudesu.best/genres/space/"
    },
    {
      "name": "Super Power",
      "slug": "super-power",
      "otakudesu_url": "https://otakudesu.best/genres/super-power/"
    },
    {
      "name": "Supernatural",
      "slug": "supernatural",
      "otakudesu_url": "https://otakudesu.best/genres/supernatural/"
    },
    {
      "name": "Thriller",
      "slug": "thriller",
      "otakudesu_url": "https://otakudesu.best/genres/thriller/"
    },
    {
      "name": "Vampire",
      "slug": "vampire",
      "otakudesu_url": "https://otakudesu.best/genres/vampire/"
    }
  ]
}