{
  "status": "Ok",
  "data": {
    "anime": [
      {
        "title": "Uma Musume: Cinderella Gray",
        "slug": "uma-musume-cinderella-gray-sub-indo",
        "poster": "https://otakudesu.best/wp-content/uploads/2025/04/Uma-Musume-Cinderella-Gray.jpg",
        "rating": "8.06",
        "episode_count": "13",
        "season": "Spring 2025",
        "studio": "CygamesPictures",
        "genres": [
          {
            "name": "Drama",
            "slug": "drama",
            "otakudesu_url": "https://otakudesu.best/genres/drama/"
          },
          {
            "name": "Racing",
            "slug": "racing",
            "otakudesu_url": "https://otakudesu.best/genres/racing/"
          },
          {
            "name": "Seinen",
            "slug": "seinen",
            "otakudesu_url": "https://otakudesu.best/genres/seinen/"
          },
          {
            "name": "Sports",
            "slug": "sports",
            "otakudesu_url": "https://otakudesu.best/genres/sports/"
          }
        ],
        "synopsis": "",
        "otakudesu_url": "https://otakudesu.best/anime/uma-musume-cinderella-gray-sub-indo/"
      },
      {
        "title": "Sorairo Utility",
        "slug": "sorairo-util-sub-indo",
        "poster": "https://otakudesu.best/wp-content/uploads/2025/04/Sorairo-Utility-Sub-Indo.jpg",
        "rating": "7.13",
        "episode_count": "12",
        "season": "Winter 2025",
        "studio": "Yostar Pictures",
        "genres": [
          {
            "name": "CGDCT",
            "slug": "cgdct",
            "otakudesu_url": "https://otakudesu.best/genres/cgdct/"
          },
          {
            "name": "Sports",
            "slug": "sports",
            "otakudesu_url": "https://otakudesu.best/genres/sports/"
          }
        ],
        "synopsis": "Minami Aoba, gadis SMA yang baru saja khawatir pada dirinya sendiri karena tidak memiliki sesuatu yang bisa ia kuasai, termasuk olahraga. Tentu, hal ini membuatnya tidak ingin menjadi karakter sampingan saja dan melewati masa SMA tanpa melakukan apapun.Suatu hari, Aoba yang sedang berjalan pulang bertemu dengan Haruka Akane, seorang pegolf Wanita yang sangat jenius. Di sana, Aoba berlatih untuk menjadi seorang pegolf mengingat olahraga ini bisa dinikmati oleh semua umur dan jenis kelamin.Tentu, Aoba pun bertekad untuk mendalami lebih jauh olahraga gold dan menemukan keahlian khususnya sendiri.",
        "otakudesu_url": "https://otakudesu.best/anime/sorairo-util-sub-indo/"
      },
      {
        "title": "Medalist",
        "slug": "medalist-sub-indo",
        "poster": "https://otakudesu.best/wp-content/uploads/2025/01/146850.jpg",
        "rating": "7.11",
        "episode_count": "13",
        "season": "Winter 2025",
        "studio": "ENGI",
        "genres": [
          {
            "name": "Drama",
            "slug": "drama",
            "otakudesu_url": "https://otakudesu.best/genres/drama/"
          },
          {
            "name": "Seinen",
            "slug": "seinen",
            "otakudesu_url": "https://otakudesu.best/genres/seinen/"
          },
          {
            "name": "Sports",
            "slug": "sports",
            "otakudesu_url": "https://otakudesu.best/genres/sports/"
          }
        ],
        "synopsis": "Tsukasa Akeuraji, seorang pria yang menggeluti olahraga seluncur es sejak SMP ini menganggap bahwa dirinya sudah terlambat untuk bisa menjadi seorang professional. Walau begitu, anggapan tersebut berubah setelah ia bertemu dengan Inori Yuitsuka, gadis kecil yang sangat ingin menjadi peselancar es.Tsukasa yang melihat bahwa Inori memiliki bakat memutuskan untuk melatihnya agar bisa masuk ke Kejuaraan Nasional Jepang dan meraih medali. Mampukah Tsukasa membuat Inori bisa bersaing dengan orang lain yang lebih dulu terjun di dunia selancar es?",
        "otakudesu_url": "https://otakudesu.best/anime/medalist-sub-indo/"
      },
      {
        "title": "Ao no Hako",
        "slug": "ao-hako-sub-indo",
        "poster": "https://otakudesu.best/wp-content/uploads/2025/03/Ao-no-Hako-Sub-Indo.jpg",
        "rating": "8.28",
        "episode_count": "25",
        "season": "Fall 2024",
        "studio": "Telecom Animation Film",
        "genres": [
          {
            "name": "Romance",
            "slug": "romance",
            "otakudesu_url": "https://otakudesu.best/genres/romance/"
          },
          {
            "name": "School",
            "slug": "school",
            "otakudesu_url": "https://otakudesu.best/genres/school/"
          },
          {
            "name": "Shounen",
            "slug": "shounen",
            "otakudesu_url": "https://otakudesu.best/genres/shounen/"
          },
          {
            "name": "Sports",
            "slug": "sports",
            "otakudesu_url": "https://otakudesu.best/genres/sports/"
          },
          {
            "name": "Team Sports",
            "slug": "team-sports",
            "otakudesu_url": "https://otakudesu.best/genres/team-sports/"
          }
        ],
        "synopsis": "Berlatar di Akademi Eimei, sebuah sekolah yang memiliki keunggulan dalam menciptakan atlet-atlet berbakat. Taiki Inomata, anggota dari klub bulu tangkis selalu datang di pagi hari untuk berlatih sendirian. Namun, sayangnya ia selalu kalah cepat oleh Chinatsu Kano, anggota klub basket.Taiki yang sangat mengagumi Chinatsu pun bertekad untuk menjadi pemain terkenal agar bisa bersanding dengan gadis yang ia cintai tersebut. Untuk mencapai tujuannya tentu tidak mudah, terlebih hubungan mereka berdua mulai mengalami perubahan setelah keduanya tinggal Bersama-sama.",
        "otakudesu_url": "https://otakudesu.best/anime/ao-hako-sub-indo/"
      },
      {
        "title": "Shin Tennis no Oujisama: U-17 World Cup Semifinal",
        "slug": "tennis-world-cup-sub-indo",
        "poster": "https://otakudesu.best/wp-content/uploads/2025/01/Shin-Tennis-no-Oujisama-U-17-World-Cup-Semifinal-Sub-Indo.jpg",
        "rating": "6.65",
        "episode_count": "13",
        "season": "Fall 2024",
        "studio": "M.S.C",
        "genres": [
          {
            "name": "School",
            "slug": "school",
            "otakudesu_url": "https://otakudesu.best/genres/school/"
          },
          {
            "name": "Shounen",
            "slug": "shounen",
            "otakudesu_url": "https://otakudesu.best/genres/shounen/"
          },
          {
            "name": "Sports",
            "slug": "sports",
            "otakudesu_url": "https://otakudesu.best/genres/sports/"
          }
        ],
        "synopsis": "",
        "otakudesu_url": "https://otakudesu.best/anime/tennis-world-cup-sub-indo/"
      },
      {
        "title": "Blue Lock Season 2",
        "slug": "blelock-s2-sub-indo",
        "poster": "https://otakudesu.best/wp-content/uploads/2025/01/Blue-Lock-Season-2-Sub-Indo.jpg",
        "rating": "7.53",
        "episode_count": "14",
        "season": "Fall 2024",
        "studio": "8bit",
        "genres": [
          {
            "name": "Shounen",
            "slug": "shounen",
            "otakudesu_url": "https://otakudesu.best/genres/shounen/"
          },
          {
            "name": "Sports",
            "slug": "sports",
            "otakudesu_url": "https://otakudesu.best/genres/sports/"
          }
        ],
        "synopsis": "Blue Lock vs. U-20 Japan (Blue Lock S2) merupakan season ke-2 dari anime Blue Lock.",
        "otakudesu_url": "https://otakudesu.best/anime/blelock-s2-sub-indo/"
      },
      {
        "title": "NegaPosi Angler",
        "slug": "nega-angler-sub-indo",
        "poster": "https://otakudesu.best/wp-content/uploads/2025/01/NegaPosi-Angler-Sub-Indo.jpg",
        "rating": "7.36",
        "episode_count": "12",
        "season": "Fall 2024",
        "studio": "Nut",
        "genres": [
          {
            "name": "Drama",
            "slug": "drama",
            "otakudesu_url": "https://otakudesu.best/genres/drama/"
          },
          {
            "name": "Slice of Life",
            "slug": "slice-of-life",
            "otakudesu_url": "https://otakudesu.best/genres/slice-of-life/"
          },
          {
            "name": "Sports",
            "slug": "sports",
            "otakudesu_url": "https://otakudesu.best/genres/sports/"
          }
        ],
        "synopsis": "Mengisahkan Tsunehiro Sasaki, mahasiswa yang saat ini Tengah terlibat dengan banyak sekali hutang. Terlebih, ia baru mendapatkan kabar dari sang dokter bahwa dirinya hanya memiliki waktu tersisa selama 2 tahun lagi untuk hidup.Suatu hari, Tsunehiro yang sedang dikejar oleh debt collector terjatuh di laut dan ia diselematkan oleh Hana serta Takaaki yang tengah memancing di sekitar sana. Pertemuannya dengan Hana dan Takaaki membuat Hiro ingin menikmati sisa-sisa hidupnya dengan Bahagia.",
        "otakudesu_url": "https://otakudesu.best/anime/nega-angler-sub-indo/"
      },
      {
        "title": "Captain Tsubasa Season 2: Junior Youth-hen",
        "slug": "captain-tsubasa-s2-sub-indo",
        "poster": "https://otakudesu.best/wp-content/uploads/2023/10/Captain-Tsubasa-Season-2.jpg",
        "rating": "",
        "episode_count": "39",
        "season": "Fall 2023",
        "studio": "Studio Kai",
        "genres": [
          {
            "name": "Shounen",
            "slug": "shounen",
            "otakudesu_url": "https://otakudesu.best/genres/shounen/"
          },
          {
            "name": "Sports",
            "slug": "sports",
            "otakudesu_url": "https://otakudesu.best/genres/sports/"
          }
        ],
        "synopsis": "",
        "otakudesu_url": "https://otakudesu.best/anime/captain-tsubasa-s2-sub-indo/"
      },
      {
        "title": "Uma Musume: Pretty Derby Season 3",
        "slug": "uma-musume-s3-sub-indo",
        "poster": "https://otakudesu.best/wp-content/uploads/2024/09/Uma-Musume-Pretty-Derby-Season-3-Sub-Indo.jpg",
        "rating": "7.59",
        "episode_count": "13",
        "season": "Fall 2023",
        "studio": "Studio Kai",
        "genres": [
          {
            "name": "Sports",
            "slug": "sports",
            "otakudesu_url": "https://otakudesu.best/genres/sports/"
          }
        ],
        "synopsis": "Season ke-3 dari anime Uma Musume: Pretty Derby.Tonton juga cerita sebelumnya:1. Uma Musume: Pretty Derby2. Uma Musume: Pretty Derby Season 23. Uma Musume: Pretty Derby Season 34. Uma Musume: Pretty Derby – Road to the Top",
        "otakudesu_url": "https://otakudesu.best/anime/uma-musume-s3-sub-indo/"
      },
      {
        "title": "Birdie Wing: Golf Girls' Story Season 2",
        "slug": "brdie-wing-golf-s2-sub-indo",
        "poster": "https://otakudesu.best/wp-content/uploads/2023/04/Birdie-Wing-Golf-Girls-Story-Season-2-Sub-Indo.jpg",
        "rating": "7.66",
        "episode_count": "12",
        "season": "Spring 2023",
        "studio": "Bandai Namco Pictures",
        "genres": [
          {
            "name": "Sports",
            "slug": "sports",
            "otakudesu_url": "https://otakudesu.best/genres/sports/"
          }
        ],
        "synopsis": "Season ke-2 dari anime Birdie Wing: Golf Girls’ Story.",
        "otakudesu_url": "https://otakudesu.best/anime/brdie-wing-golf-s2-sub-indo/"
      },
      {
        "title": "Uma Musume: Pretty Derby - Road to the Top",
        "slug": "uma-musume-road-to-top-sub-indo",
        "poster": "https://otakudesu.best/wp-content/uploads/2023/08/Uma-Musume-Pretty-Derby-Road-to-the-Top-Sub-Indo.jpg",
        "rating": "7.85",
        "episode_count": "4",
        "season": "Spring 2023",
        "studio": "CygamesPictures",
        "genres": [
          {
            "name": "Sports",
            "slug": "sports",
            "otakudesu_url": "https://otakudesu.best/genres/sports/"
          }
        ],
        "synopsis": "Di musim ini cerita berfokus ke-3 gadis yaitu T.M. Opera O, Narita Top Road, & Admire Vega.Tonton juga cerita utamanya:1. Uma Musume: Pretty Derby2. Uma Musume: Pretty Derby Season 23. Uma Musume: Pretty Derby Season 34. Uma Musume: Pretty Derby – Road to the Top",
        "otakudesu_url": "https://otakudesu.best/anime/uma-musume-road-to-top-sub-indo/"
      },
      {
        "title": "Tsurune Season 2",
        "slug": "tsrune-s2-sub-ind",
        "poster": "https://otakudesu.best/wp-content/uploads/2023/05/Tsurune-Season-2-Sub-Indo.jpg",
        "rating": "8.09",
        "episode_count": "13",
        "season": "Winter 2023",
        "studio": "Kyoto Animation",
        "genres": [
          {
            "name": "School",
            "slug": "school",
            "otakudesu_url": "https://otakudesu.best/genres/school/"
          },
          {
            "name": "Sports",
            "slug": "sports",
            "otakudesu_url": "https://otakudesu.best/genres/sports/"
          }
        ],
        "synopsis": "Season ke-2 dari anime Tsurune.",
        "otakudesu_url": "https://otakudesu.best/anime/tsrune-s2-sub-ind/"
      },
      {
        "title": "Yowamushi Pedal Season 5",
        "slug": "yamushi-pedal-s5-sub-indo",
        "poster": "https://otakudesu.best/wp-content/uploads/2023/04/Yowamushi-Pedal-Season-5-Sub-Indo.jpg",
        "rating": "7.38",
        "episode_count": "25",
        "season": "Fall 2022",
        "studio": "TMS Entertainment",
        "genres": [
          {
            "name": "Racing",
            "slug": "racing",
            "otakudesu_url": "https://otakudesu.best/genres/racing/"
          },
          {
            "name": "Shounen",
            "slug": "shounen",
            "otakudesu_url": "https://otakudesu.best/genres/shounen/"
          },
          {
            "name": "Sports",
            "slug": "sports",
            "otakudesu_url": "https://otakudesu.best/genres/sports/"
          }
        ],
        "synopsis": "Season ke-5 dari anime Yowamushi Pedal",
        "otakudesu_url": "https://otakudesu.best/anime/yamushi-pedal-s5-sub-indo/"
      },
      {
        "title": "Mou Ippon!",
        "slug": "mou-ipon-sub-indo",
        "poster": "https://otakudesu.best/wp-content/uploads/2023/04/Mou-Ippon-Sub-Indo.jpg",
        "rating": "7.17",
        "episode_count": "13",
        "season": "Winter 2023",
        "studio": "Bakken Record",
        "genres": [
          {
            "name": "School",
            "slug": "school",
            "otakudesu_url": "https://otakudesu.best/genres/school/"
          },
          {
            "name": "Shounen",
            "slug": "shounen",
            "otakudesu_url": "https://otakudesu.best/genres/shounen/"
          },
          {
            "name": "Slice of Life",
            "slug": "slice-of-life",
            "otakudesu_url": "https://otakudesu.best/genres/slice-of-life/"
          },
          {
            "name": "Sports",
            "slug": "sports",
            "otakudesu_url": "https://otakudesu.best/genres/sports/"
          }
        ],
        "synopsis": "Michi Sonoda , seorang gadis yang memilih untuk berhenti menjadi seorang atlet Judo. Padahal, ini merupakan olahraga yang sudah ia tekuni sejak SMP. Keputusan Sonoda untuk berhenti sebagai atlet Judo tidak lain karena kekalahan memalukannya di final.Namun suatu hari, ia diundang oleh Sanae Takigawa untuk kembali bermain Judo di SMA Aoba Nishi. Awalnya, ia mencoba untuk menolak karena kesibukannya dalam belajar dan tidak punya waktu untuk berkompetisi.Walau begitu, rasa cintanya terhadap Judo membuat Sonoda memilih untuk kembali bermain. Bahkan, ia bertemu dengan Towa, gadis yang mengalahkan Sonoda di partai finalnya dulu. Bersama dengan Towa, Sonoda kembali bergabung dengan klub Judo di sekolahnya",
        "otakudesu_url": "https://otakudesu.best/anime/mou-ipon-sub-indo/"
      },
      {
        "title": "Blue Lock",
        "slug": "blelock-sub-indo",
        "poster": "https://otakudesu.best/wp-content/uploads/2023/04/Blue-Lock-Sub-Indo.jpg",
        "rating": "8.40",
        "episode_count": "24",
        "season": "Fall 2022",
        "studio": "8bit",
        "genres": [
          {
            "name": "Shounen",
            "slug": "shounen",
            "otakudesu_url": "https://otakudesu.best/genres/shounen/"
          },
          {
            "name": "Sports",
            "slug": "sports",
            "otakudesu_url": "https://otakudesu.best/genres/sports/"
          }
        ],
        "synopsis": "Setelah hasil buruk yang diterima Timnas Jepang pada Piala Dunia FIFA 2018 lalu, Japan Football Federation membentuk sebuah fasilitas bernama Blue Lock. Melalui fasilitas ini, akan dikumpulkan 300 pemain sepak bola muda terbaik dan tercerdas di Jepang.Selain itu, JFA juga mengincar seorang striker paling mematikan melalui fasilitas ini. Menariknya, JFA membuat aturan bahwa siapapun yang gagal dalam Blue Lock, maka ia tidak diizinkan untuk mewakili Jepang.Untuk itu, Yoichi Isagi, berusaha sekuat tenaga menjadi seorang pemain sepak bola paling handal di Jepang. Lantas, apakah Isagi mampu memenuhi berbagai syarat ketat yang ada di Blue Lock?Tonton juga kelanjutannya, Blue Lock Season 2.",
        "otakudesu_url": "https://otakudesu.best/anime/blelock-sub-indo/"
      }
    ],
    "pagination": {
      "current_page": 1,
      "last_visible_page": 5,
      "has_next_page": true,
      "next_page": 2,
      "has_previous_page": false,
      "previous_page": null
    }
  }
}