{
  "status": "Ok",
  "data": {
    "ongoing_anime": [
      {
        "title": "Anne Shirley",
        "slug": "anne-shirley-sub-indo",
        "poster": "https://otakudesu.best/wp-content/uploads/2025/04/bx184639-tmj8NbTroNeI.jpg",
        "current_episode": "Episode 18",
        "release_day": "Minggu",
        "newest_release_date": "03 Agu",
        "otakudesu_url": "https://otakudesu.best/anime/anne-shirley-sub-indo/"
      },
      {
        "title": "Koujo Denka no Kateikyoushi",
        "slug": "koujo-denka-kateikyoushi-sub-indo",
        "poster": "https://otakudesu.best/wp-content/uploads/2025/06/Koujo-Denka-no-Kateikyoushi.jpg",
        "current_episode": "Episode 5",
        "release_day": "Minggu",
        "newest_release_date": "03 Agu",
        "otakudesu_url": "https://otakudesu.best/anime/koujo-denka-kateikyoushi-sub-indo/"
      },
      {
        "title": "Hikaru ga Shinda Natsu",
        "slug": "hikaru-ga-shinda-natsu-sub-indo",
        "poster": "https://otakudesu.best/wp-content/uploads/2025/07/Hikaru-ga-Shinda-Natsu-Subtitle-Indonesia.jpg",
        "current_episode": "Episode 5",
        "release_day": "Minggu",
        "newest_release_date": "03 Agu",
        "otakudesu_url": "https://otakudesu.best/anime/hikaru-ga-shinda-natsu-sub-indo/"
      },
      {
        "title": "Sono Bisque Doll wa Koi wo Suru Season 2",
        "slug": "sbdwk-s2-sub-indo",
        "poster": "https://otakudesu.best/wp-content/uploads/2025/07/Sono-Bisque-Doll-wa-Koi-wo-Suru-Season-2.jpg",
        "current_episode": "Episode 5",
        "release_day": "Minggu",
        "newest_release_date": "03 Agu",
        "otakudesu_url": "https://otakudesu.best/anime/sbdwk-s2-sub-indo/"
      },
      {
        "title": "Kaoru Hana wa Rin to Saku",
        "slug": "kaoru-hana-wa-rin-to-saku-sub-indo",
        "poster": "https://otakudesu.best/wp-content/uploads/2025/07/Kaoru-Hana-wa-Rin-to-Saku.jpg",
        "current_episode": "Episode 5",
        "release_day": "Minggu",
        "newest_release_date": "03 Agu",
        "otakudesu_url": "https://otakudesu.best/anime/kaoru-hana-wa-rin-to-saku-sub-indo/"
      },
      {
        "title": "Seishun Buta Yarou wa Santa Claus no Yume wo Minai",
        "slug": "seishun-buta-yarou-wa-santa-claus-sub-indo",
        "poster": "https://otakudesu.best/wp-content/uploads/2025/07/149858.jpg",
        "current_episode": "Episode 5",
        "release_day": "Minggu",
        "newest_release_date": "03 Agu",
        "otakudesu_url": "https://otakudesu.best/anime/seishun-buta-yarou-wa-santa-claus-sub-indo/"
      },
      {
        "title": "Kizetsu Yuusha to Ansatsu Hime",
        "slug": "kizetsu-yuusha-ansatsu-hime-sub-indo",
        "poster": "https://otakudesu.best/wp-content/uploads/2025/07/Kizetsu-Yuusha-to-Ansatsu-Hime.jpg",
        "current_episode": "Episode 5",
        "release_day": "Sabtu",
        "newest_release_date": "03 Agu",
        "otakudesu_url": "https://otakudesu.best/anime/kizetsu-yuusha-ansatsu-hime-sub-indo/"
      },
      {
        "title": "Scooped Up by an S-Ranked Adventurer",
        "slug": "scooped-up-by-an-s-ranked-adventurer-sub-indo",
        "poster": "https://otakudesu.best/wp-content/uploads/2025/07/Scooped-Up-by-an-S-Ranked-Adventurer-Subtitle-Indonesia.jpg",
        "current_episode": "Episode 5",
        "release_day": "Sabtu",
        "newest_release_date": "03 Agu",
        "otakudesu_url": "https://otakudesu.best/anime/scooped-up-by-an-s-ranked-adventurer-sub-indo/"
      },
      {
        "title": "Shin Samurai-den Yaiba",
        "slug": "shin-samurai-sub-indo",
        "poster": "https://otakudesu.best/wp-content/uploads/2025/04/148242.jpg",
        "current_episode": "Episode 17",
        "release_day": "Sabtu",
        "newest_release_date": "03 Agu",
        "otakudesu_url": "https://otakudesu.best/anime/shin-samurai-sub-indo/"
      },
      {
        "title": "Kaijuu 8-gou Season 2",
        "slug": "kaiju-gou-s2-sub-indo",
        "poster": "https://otakudesu.best/wp-content/uploads/2025/07/Kaijuu-8-gou-2nd-Season.jpg",
        "current_episode": "Episode 3",
        "release_day": "Sabtu",
        "newest_release_date": "02 Agu",
        "otakudesu_url": "https://otakudesu.best/anime/kaiju-gou-s2-sub-indo/"
      },
      {
        "title": "Busu ni Hanataba wo.",
        "slug": "busu-hanataba-sub-indo",
        "poster": "https://otakudesu.best/wp-content/uploads/2025/07/Busu-ni-Hanataba-wo..jpg",
        "current_episode": "Episode 5",
        "release_day": "Sabtu",
        "newest_release_date": "02 Agu",
        "otakudesu_url": "https://otakudesu.best/anime/busu-hanataba-sub-indo/"
      },
      {
        "title": "Watari-kun no xx ga Houkai Sunzen",
        "slug": "watari-xx-ga-houkai-sunzen-sub-indo",
        "poster": "https://otakudesu.best/wp-content/uploads/2025/07/Watari-kun-no-xx-ga-Houkai-Sunzen.jpg",
        "current_episode": "Episode 5",
        "release_day": "Sabtu",
        "newest_release_date": "02 Agu",
        "otakudesu_url": "https://otakudesu.best/anime/watari-xx-ga-houkai-sunzen-sub-indo/"
      },
      {
        "title": "Silent Witch",
        "slug": "silent-witch-sub-indo",
        "poster": "https://otakudesu.best/wp-content/uploads/2025/07/Silent-Witch.jpg",
        "current_episode": "Episode 5",
        "release_day": "Sabtu",
        "newest_release_date": "02 Agu",
        "otakudesu_url": "https://otakudesu.best/anime/silent-witch-sub-indo/"
      },
      {
        "title": "Zutaboro Reijou wa Ane no Moto Konyakusha ni Dekiai sareru",
        "slug": "zutaboro-reijou-wa-ane-no-moto-sub-indo",
        "poster": "https://otakudesu.best/wp-content/uploads/2025/07/zutaboro-reijou-wa-ane-no-moto-konyakusha-ni-dekiai-sareru-0beab1e081.jpg",
        "current_episode": "Episode 5",
        "release_day": "Sabtu",
        "newest_release_date": "02 Agu",
        "otakudesu_url": "https://otakudesu.best/anime/zutaboro-reijou-wa-ane-no-moto-sub-indo/"
      },
      {
        "title": "Takopii no Genzai",
        "slug": "takopii-genzai-sub-indo",
        "poster": "https://otakudesu.best/wp-content/uploads/2025/06/Takopii-no-Genzai.jpg",
        "current_episode": "Episode 6",
        "release_day": "Sabtu",
        "newest_release_date": "02 Agu",
        "otakudesu_url": "https://otakudesu.best/anime/takopii-genzai-sub-indo/"
      }
    ],
    "complete_anime": [
      {
        "title": "Aharen-san wa Hakarenai Season 2",
        "slug": "aharen-s2-sub-indo",
        "poster": "https://otakudesu.best/wp-content/uploads/2025/08/Aharen-san-wa-Hakarenai-Season-2-Sub-Indo.jpg",
        "episode_count": "12",
        "rating": "7.49",
        "last_release_date": "01 Agu",
        "otakudesu_url": "https://otakudesu.best/anime/aharen-s2-sub-indo/"
      },
      {
        "title": "Shoushimin Series Season 2",
        "slug": "shoushimin-s2-sub-indo",
        "poster": "https://otakudesu.best/wp-content/uploads/2025/07/Shoushimin-Series-Season-2-Sub-Indo.jpg",
        "episode_count": "12",
        "rating": "8.06",
        "last_release_date": "30 Jul",
        "otakudesu_url": "https://otakudesu.best/anime/shoushimin-s2-sub-indo/"
      },
      {
        "title": "Slime Taoshite 300-nen Season 2",
        "slug": "slime-taoshite-s2-sub-indo",
        "poster": "https://otakudesu.best/wp-content/uploads/2025/07/Slime-Taoshite-300-nen-Season-2-Sub-Indo.jpg",
        "episode_count": "12",
        "rating": "6.69",
        "last_release_date": "30 Jul",
        "otakudesu_url": "https://otakudesu.best/anime/slime-taoshite-s2-sub-indo/"
      },
      {
        "title": "Enen no Shouboutai Season 3",
        "slug": "enen-shouboutai-season-3-sub-indo",
        "poster": "https://otakudesu.best/wp-content/uploads/2025/07/Enen-no-Shouboutai-Season-3-Sub-Indo.jpg",
        "episode_count": "12",
        "rating": "7.71",
        "last_release_date": "27 Jul",
        "otakudesu_url": "https://otakudesu.best/anime/enen-shouboutai-season-3-sub-indo/"
      },
      {
        "title": "The Beginning After the End",
        "slug": "saikyou-ousama-nidome-sub-indo",
        "poster": "https://otakudesu.best/wp-content/uploads/2025/06/The-Beginning-After-the-End-Sub-Indo.jpg",
        "episode_count": "12",
        "rating": "6.13",
        "last_release_date": "24 Jul",
        "otakudesu_url": "https://otakudesu.best/anime/saikyou-ousama-nidome-sub-indo/"
      },
      {
        "title": "Wind Breaker Season 2",
        "slug": "wind-breaker-s2-sub-indo",
        "poster": "https://otakudesu.best/wp-content/uploads/2025/07/Wind-Breaker-Season-2-Sub-Indo.jpg",
        "episode_count": "12",
        "rating": "7.66",
        "last_release_date": "22 Jul",
        "otakudesu_url": "https://otakudesu.best/anime/wind-breaker-s2-sub-indo/"
      },
      {
        "title": "Rock wa Lady no Tashinami deshite",
        "slug": "rock-lady-tashinami-deshite-sub-indo",
        "poster": "https://otakudesu.best/wp-content/uploads/2025/07/Rock-wa-Lady-no-Tashinami-deshite-Sub-Indo.jpg",
        "episode_count": "13",
        "rating": "7.92",
        "last_release_date": "21 Jul",
        "otakudesu_url": "https://otakudesu.best/anime/rock-lady-tashinami-deshite-sub-indo/"
      },
      {
        "title": "Vigilante: Boku no Hero Academia Illegals",
        "slug": "vigilante-bnh-academia-illegals-sub-indo",
        "poster": "https://otakudesu.best/wp-content/uploads/2025/07/Vigilante-Boku-no-Hero-Academia-Illegals-Sub-Indo.jpg",
        "episode_count": "13",
        "rating": "7.63",
        "last_release_date": "15 Jul",
        "otakudesu_url": "https://otakudesu.best/anime/vigilante-bnh-academia-illegals-sub-indo/"
      },
      {
        "title": "Shiunji-ke no Kodomotachi",
        "slug": "shiunji-kodomotachi-sub-indo",
        "poster": "https://otakudesu.best/wp-content/uploads/2025/07/Shiunji-ke-no-Kodomotachi-Sub-Indo.jpg",
        "episode_count": "12",
        "rating": "7.10",
        "last_release_date": "15 Jul",
        "otakudesu_url": "https://otakudesu.best/anime/shiunji-kodomotachi-sub-indo/"
      },
      {
        "title": "Sentai Daishikkaku Season 2",
        "slug": "sentai-daishikaku-s2-sub-indo",
        "poster": "https://otakudesu.best/wp-content/uploads/2025/07/Sentai-Daishikkaku-Season-2-Sub-Indo.jpg",
        "episode_count": "12",
        "rating": "7.10",
        "last_release_date": "14 Jul",
        "otakudesu_url": "https://otakudesu.best/anime/sentai-daishikaku-s2-sub-indo/"
      }
    ]
  }
}