{
  "status": "Ok",
  "data": [
    {
      "title": "Anne Shirley",
      "slug": "anne-shirley-sub-indo",
      "poster": "https://otakudesu.best/wp-content/uploads/2025/04/bx184639-tmj8NbTroNeI.jpg",
      "current_episode": "Episode 18",
      "release_day": "Minggu",
      "newest_release_date": "03 Agu",
      "otakudesu_url": "https://otakudesu.best/anime/anne-shirley-sub-indo/"
    },
    {
      "title": "Koujo Denka no Kateikyoushi",
      "slug": "koujo-denka-kateikyoushi-sub-indo",
      "poster": "https://otakudesu.best/wp-content/uploads/2025/06/Koujo-Denka-no-Kateikyoushi.jpg",
      "current_episode": "Episode 5",
      "release_day": "Minggu",
      "newest_release_date": "03 Agu",
      "otakudesu_url": "https://otakudesu.best/anime/koujo-denka-kateikyoushi-sub-indo/"
    },
    {
      "title": "Hikaru ga Shinda Natsu",
      "slug": "hikaru-ga-shinda-natsu-sub-indo",
      "poster": "https://otakudesu.best/wp-content/uploads/2025/07/Hikaru-ga-Shinda-Natsu-Subtitle-Indonesia.jpg",
      "current_episode": "Episode 5",
      "release_day": "Minggu",
      "newest_release_date": "03 Agu",
      "otakudesu_url": "https://otakudesu.best/anime/hikaru-ga-shinda-natsu-sub-indo/"
    },
    {
      "title": "Sono Bisque Doll wa Koi wo Suru Season 2",
      "slug": "sbdwk-s2-sub-indo",
      "poster": "https://otakudesu.best/wp-content/uploads/2025/07/Sono-Bisque-Doll-wa-Koi-wo-Suru-Season-2.jpg",
      "current_episode": "Episode 5",
      "release_day": "Minggu",
      "newest_release_date": "03 Agu",
      "otakudesu_url": "https://otakudesu.best/anime/sbdwk-s2-sub-indo/"
    },
    {
      "title": "Kaoru Hana wa Rin to Saku",
      "slug": "kaoru-hana-wa-rin-to-saku-sub-indo",
      "poster": "https://otakudesu.best/wp-content/uploads/2025/07/Kaoru-Hana-wa-Rin-to-Saku.jpg",
      "current_episode": "Episode 5",
      "release_day": "Minggu",
      "newest_release_date": "03 Agu",
      "otakudesu_url": "https://otakudesu.best/anime/kaoru-hana-wa-rin-to-saku-sub-indo/"
    },
    {
      "title": "Seishun Buta Yarou wa Santa Claus no Yume wo Minai",
      "slug": "seishun-buta-yarou-wa-santa-claus-sub-indo",
      "poster": "https://otakudesu.best/wp-content/uploads/2025/07/149858.jpg",
      "current_episode": "Episode 5",
      "release_day": "Minggu",
      "newest_release_date": "03 Agu",
      "otakudesu_url": "https://otakudesu.best/anime/seishun-buta-yarou-wa-santa-claus-sub-indo/"
    },
    {
      "title": "Kizetsu Yuusha to Ansatsu Hime",
      "slug": "kizetsu-yuusha-ansatsu-hime-sub-indo",
      "poster": "https://otakudesu.best/wp-content/uploads/2025/07/Kizetsu-Yuusha-to-Ansatsu-Hime.jpg",
      "current_episode": "Episode 5",
      "release_day": "Sabtu",
      "newest_release_date": "03 Agu",
      "otakudesu_url": "https://otakudesu.best/anime/kizetsu-yuusha-ansatsu-hime-sub-indo/"
    },
    {
      "title": "Scooped Up by an S-Ranked Adventurer",
      "slug": "scooped-up-by-an-s-ranked-adventurer-sub-indo",
      "poster": "https://otakudesu.best/wp-content/uploads/2025/07/Scooped-Up-by-an-S-Ranked-Adventurer-Subtitle-Indonesia.jpg",
      "current_episode": "Episode 5",
      "release_day": "Sabtu",
      "newest_release_date": "03 Agu",
      "otakudesu_url": "https://otakudesu.best/anime/scooped-up-by-an-s-ranked-adventurer-sub-indo/"
    },
    {
      "title": "Shin Samurai-den Yaiba",
      "slug": "shin-samurai-sub-indo",
      "poster": "https://otakudesu.best/wp-content/uploads/2025/04/148242.jpg",
      "current_episode": "Episode 17",
      "release_day": "Sabtu",
      "newest_release_date": "03 Agu",
      "otakudesu_url": "https://otakudesu.best/anime/shin-samurai-sub-indo/"
    },
    {
      "title": "Kaijuu 8-gou Season 2",
      "slug": "kaiju-gou-s2-sub-indo",
      "poster": "https://otakudesu.best/wp-content/uploads/2025/07/Kaijuu-8-gou-2nd-Season.jpg",
      "current_episode": "Episode 3",
      "release_day": "Sabtu",
      "newest_release_date": "02 Agu",
      "otakudesu_url": "https://otakudesu.best/anime/kaiju-gou-s2-sub-indo/"
    },
    {
      "title": "Busu ni Hanataba wo.",
      "slug": "busu-hanataba-sub-indo",
      "poster": "https://otakudesu.best/wp-content/uploads/2025/07/Busu-ni-Hanataba-wo..jpg",
      "current_episode": "Episode 5",
      "release_day": "Sabtu",
      "newest_release_date": "02 Agu",
      "otakudesu_url": "https://otakudesu.best/anime/busu-hanataba-sub-indo/"
    },
    {
      "title": "Watari-kun no xx ga Houkai Sunzen",
      "slug": "watari-xx-ga-houkai-sunzen-sub-indo",
      "poster": "https://otakudesu.best/wp-content/uploads/2025/07/Watari-kun-no-xx-ga-Houkai-Sunzen.jpg",
      "current_episode": "Episode 5",
      "release_day": "Sabtu",
      "newest_release_date": "02 Agu",
      "otakudesu_url": "https://otakudesu.best/anime/watari-xx-ga-houkai-sunzen-sub-indo/"
    },
    {
      "title": "Silent Witch",
      "slug": "silent-witch-sub-indo",
      "poster": "https://otakudesu.best/wp-content/uploads/2025/07/Silent-Witch.jpg",
      "current_episode": "Episode 5",
      "release_day": "Sabtu",
      "newest_release_date": "02 Agu",
      "otakudesu_url": "https://otakudesu.best/anime/silent-witch-sub-indo/"
    },
    {
      "title": "Zutaboro Reijou wa Ane no Moto Konyakusha ni Dekiai sareru",
      "slug": "zutaboro-reijou-wa-ane-no-moto-sub-indo",
      "poster": "https://otakudesu.best/wp-content/uploads/2025/07/zutaboro-reijou-wa-ane-no-moto-konyakusha-ni-dekiai-sareru-0beab1e081.jpg",
      "current_episode": "Episode 5",
      "release_day": "Sabtu",
      "newest_release_date": "02 Agu",
      "otakudesu_url": "https://otakudesu.best/anime/zutaboro-reijou-wa-ane-no-moto-sub-indo/"
    },
    {
      "title": "Takopii no Genzai",
      "slug": "takopii-genzai-sub-indo",
      "poster": "https://otakudesu.best/wp-content/uploads/2025/06/Takopii-no-Genzai.jpg",
      "current_episode": "Episode 6",
      "release_day": "Sabtu",
      "newest_release_date": "02 Agu",
      "otakudesu_url": "https://otakudesu.best/anime/takopii-genzai-sub-indo/"
    },
    {
      "title": "Yofukashi no Uta Season 2",
      "slug": "yofukashi-uta-s2-sub-indo",
      "poster": "https://otakudesu.best/wp-content/uploads/2025/07/Yofukashi-no-Uta-Season-2.jpg",
      "current_episode": "Episode 5",
      "release_day": "Sabtu",
      "newest_release_date": "02 Agu",
      "otakudesu_url": "https://otakudesu.best/anime/yofukashi-uta-s2-sub-indo/"
    },
    {
      "title": "Tougen Anki",
      "slug": "tougen-anki-sub-indo",
      "poster": "https://otakudesu.best/wp-content/uploads/2025/07/Tougen-Anki-Subtitle-Indonesia.jpg",
      "current_episode": "Episode 4",
      "release_day": "Jumat",
      "newest_release_date": "02 Agu",
      "otakudesu_url": "https://otakudesu.best/anime/tougen-anki-sub-indo/"
    },
    {
      "title": "Mizu Zokusei no Mahoutsukai",
      "slug": "mizu-zokusei-mahoutsukai-sub-indo",
      "poster": "https://otakudesu.best/wp-content/uploads/2025/07/Mizu-Zokusei-no-Mahoutsukai.jpg",
      "current_episode": "Episode 5",
      "release_day": "Jumat",
      "newest_release_date": "01 Agu",
      "otakudesu_url": "https://otakudesu.best/anime/mizu-zokusei-mahoutsukai-sub-indo/"
    },
    {
      "title": "Dandadan Season 2",
      "slug": "dandan-s2-sub-indo",
      "poster": "https://otakudesu.best/wp-content/uploads/2025/07/1745894197.jpg",
      "current_episode": "Episode 5",
      "release_day": "Jumat",
      "newest_release_date": "01 Agu",
      "otakudesu_url": "https://otakudesu.best/anime/dandan-s2-sub-indo/"
    },
    {
      "title": "Arknights: Rise from Ember",
      "slug": "arknights-rise-from-ember-sub-indo",
      "poster": "https://otakudesu.best/wp-content/uploads/2025/07/149462.jpg",
      "current_episode": "Episode 4",
      "release_day": "Sabtu",
      "newest_release_date": "01 Agu",
      "otakudesu_url": "https://otakudesu.best/anime/arknights-rise-from-ember-sub-indo/"
    },
    {
      "title": "Utagoe wa Mille-Feuille",
      "slug": "utagoe-wa-mille-feuille-sub-indo",
      "poster": "https://otakudesu.best/wp-content/uploads/2025/07/Utagoe-wa-Mille-Feuille.jpg",
      "current_episode": "Episode 3",
      "release_day": "Kamis",
      "newest_release_date": "31 Jul",
      "otakudesu_url": "https://otakudesu.best/anime/utagoe-wa-mille-feuille-sub-indo/"
    },
    {
      "title": "Dr. Stone Season 4 Part 2",
      "slug": "ds-future-part2-sub-indo",
      "poster": "https://otakudesu.best/wp-content/uploads/2025/07/148849.jpg",
      "current_episode": "Episode 4",
      "release_day": "Kamis",
      "newest_release_date": "31 Jul",
      "otakudesu_url": "https://otakudesu.best/anime/ds-future-part2-sub-indo/"
    },
    {
      "title": "Mikadono Sanshimai wa Angai, Choroi.",
      "slug": "mikadono-sashimai-angai-sub-indo",
      "poster": "https://otakudesu.best/wp-content/uploads/2025/07/Mikadono-Sanshimai-wa-Angai-Choroi.-Sub-Indo.jpg",
      "current_episode": "Episode 5",
      "release_day": "Kamis",
      "newest_release_date": "31 Jul",
      "otakudesu_url": "https://otakudesu.best/anime/mikadono-sashimai-angai-sub-indo/"
    },
    {
      "title": "Uchuujin MuuMuu",
      "slug": "uchuujin-muumuu-sub-indo",
      "poster": "https://otakudesu.best/wp-content/uploads/2025/04/148096.jpg",
      "current_episode": "Episode 17",
      "release_day": "Kamis",
      "newest_release_date": "31 Jul",
      "otakudesu_url": "https://otakudesu.best/anime/uchuujin-muumuu-sub-indo/"
    },
    {
      "title": "Tsuyokute New Saga",
      "slug": "new-saga-sub-indo",
      "poster": "https://otakudesu.best/wp-content/uploads/2025/07/1751483532.jpg",
      "current_episode": "Episode 5",
      "release_day": "Kamis",
      "newest_release_date": "31 Jul",
      "otakudesu_url": "https://otakudesu.best/anime/new-saga-sub-indo/"
    }
  ],
  "pagination": {
    "current_page": 1,
    "last_visible_page": 5,
    "has_next_page": true,
    "next_page": 2,
    "has_previous_page": false,
    "previous_page": null
  }
}