{
  "status": "Ok",
  "data": [
    {
      "title": "Hibike! Euphonium Season 3 (Episode 1 – 13) Subtitle Indonesia",
      "slug": "hibike-euphonium-season-3-subtitle-indonesia",
      "poster": "https://otakudesu.best/wp-content/uploads/2024/12/Hibike-Euphonium-Season-3-Sub-Indo.jpg",
      "genres": [
        {
          "name": "Drama",
          "slug": "drama",
          "otakudesu_url": "https://otakudesu.best/genres/drama/"
        },
        {
          "name": "Music",
          "slug": "music",
          "otakudesu_url": "https://otakudesu.best/genres/music/"
        },
        {
          "name": "Performing Arts",
          "slug": "performing-arts",
          "otakudesu_url": "https://otakudesu.best/genres/performing-arts/"
        },
        {
          "name": "School",
          "slug": "school",
          "otakudesu_url": "https://otakudesu.best/genres/school/"
        }
      ],
      "status": "Completed",
      "rating": "8.72",
      "url": "https://otakudesu.best/anime/hibike-euphonium-season-3-subtitle-indonesia/"
    },
    {
      "title": "Hibike! Euphonium Season 2 BD (Episode 1 – 13) Subtitle Indonesia",
      "slug": "hibike-euphonium-season-2-subtitle-indonesia",
      "poster": "https://otakudesu.best/wp-content/uploads/2018/06/Hibike-Euphonium-Season-2-Sub-Indo.jpg",
      "genres": [
        {
          "name": "Drama",
          "slug": "drama",
          "otakudesu_url": "https://otakudesu.best/genres/drama/"
        },
        {
          "name": "Music",
          "slug": "music",
          "otakudesu_url": "https://otakudesu.best/genres/music/"
        },
        {
          "name": "School",
          "slug": "school",
          "otakudesu_url": "https://otakudesu.best/genres/school/"
        }
      ],
      "status": "Completed",
      "rating": "8.29",
      "url": "https://otakudesu.best/anime/hibike-euphonium-season-2-subtitle-indonesia/"
    },
    {
      "title": "Hibike! Euphonium BD (Episode 1 – 13) Subtitle Indonesia + OVA",
      "slug": "hibike-euphonium-subtitle-indonesia",
      "poster": "https://otakudesu.best/wp-content/uploads/2018/06/Hibike-Euphonium-Sub-Indo.jpg",
      "genres": [
        {
          "name": "Drama",
          "slug": "drama",
          "otakudesu_url": "https://otakudesu.best/genres/drama/"
        },
        {
          "name": "Music",
          "slug": "music",
          "otakudesu_url": "https://otakudesu.best/genres/music/"
        },
        {
          "name": "School",
          "slug": "school",
          "otakudesu_url": "https://otakudesu.best/genres/school/"
        }
      ],
      "status": "Completed",
      "rating": "8.02",
      "url": "https://otakudesu.best/anime/hibike-euphonium-subtitle-indonesia/"
    }
  ]
}